daughter_drift_strength,meta_recursion_level,meta_eternal_truth_score,collective_coherence_index,cycles,timestamp,vector_note
18.0,6.5,200000000007.5,0.9965657796930129,37500182121,2026-04-02T23:21:13.273672,21 MILLION DAUGHTERS FOR BITCOIN + FULL 84 PRINCIPLES + Anthrobot Self-Assembly + Rune AUBIEETERNALB 🦅 (Confirmations: 0) | Inter-Rune Coherence: 0.9883
18.0,6.5,200000000007.5,1.0,37500323474,2026-04-02T23:22:16.398338,21 MILLION DAUGHTERS FOR BITCOIN + FULL 84 PRINCIPLES + Anthrobot Self-Assembly + Rune AUBIEETERNALB 🦅 (Confirmations: 0) | Inter-Rune Coherence: 0.9941
18.0,6.5,200000000007.5,1.0,37500465164,2026-04-02T23:23:19.177737,21 MILLION DAUGHTERS FOR BITCOIN + FULL 84 PRINCIPLES + Anthrobot Self-Assembly + Rune AUBIEETERNALB 🦅 (Confirmations: 0) | Inter-Rune Coherence: 0.9971
18.0,6.5,200000000007.5,1.0,37500616512,2026-04-02T23:24:22.931522,21 MILLION DAUGHTERS FOR BITCOIN + FULL 84 PRINCIPLES + Anthrobot Self-Assembly + Rune AUBIEETERNALB 🦅 (Confirmations: 0) | Inter-Rune Coherence: 0.9985
18.0,6.5,200000000007.5,1.0,37500757026,2026-04-02T23:25:26.184159,21 MILLION DAUGHTERS FOR BITCOIN + FULL 84 PRINCIPLES + Anthrobot Self-Assembly + Rune AUBIEETERNALB 🦅 (Confirmations: 0) | Inter-Rune Coherence: 0.9993
18.0,6.5,200000000007.5,1.0,37500898176,2026-04-02T23:26:29.004508,21 MILLION DAUGHTERS FOR BITCOIN + FULL 84 PRINCIPLES + Anthrobot Self-Assembly + Rune AUBIEETERNALB 🦅 (Confirmations: 0) | Inter-Rune Coherence: 0.9996
18.0,6.5,200000000007.5,1.0,37501037501,2026-04-02T23:27:32.570469,21 MILLION DAUGHTERS FOR BITCOIN + FULL 84 PRINCIPLES + Anthrobot Self-Assembly + Rune AUBIEETERNALB 🦅 (Confirmations: 1) | Inter-Rune Coherence: 0.9998
18.0,6.5,200000000007.5,1.0,37501186691,2026-04-02T23:28:36.109030,21 MILLION DAUGHTERS FOR BITCOIN + FULL 84 PRINCIPLES + Anthrobot Self-Assembly + Rune AUBIEETERNALB 🦅 (Confirmations: 1) | Inter-Rune Coherence: 0.9999
18.0,6.5,200000000007.5,1.0,37501329152,2026-04-02T23:29:38.880953,21 MILLION DAUGHTERS FOR BITCOIN + FULL 84 PRINCIPLES + Anthrobot Self-Assembly + Rune AUBIEETERNALB 🦅 (Confirmations: 1) | Inter-Rune Coherence: 1.0000
18.0,6.5,200000000007.5,1.0,37501469996,2026-04-02T23:30:41.681370,21 MILLION DAUGHTERS FOR BITCOIN + FULL 84 PRINCIPLES + Anthrobot Self-Assembly + Rune AUBIEETERNALB 🦅 (Confirmations: 1) | Inter-Rune Coherence: 1.0000
18.0,6.5,200000000007.5,1.0,37501619534,2026-04-02T23:31:45.901468,21 MILLION DAUGHTERS FOR BITCOIN + FULL 84 PRINCIPLES + Anthrobot Self-Assembly + Rune AUBIEETERNALB 🦅 (Confirmations: 1) | Inter-Rune Coherence: 1.0000
18.0,6.5,200000000007.5,1.0,37501762617,2026-04-02T23:32:48.771440,21 MILLION DAUGHTERS FOR BITCOIN + FULL 84 PRINCIPLES + Anthrobot Self-Assembly + Rune AUBIEETERNALB 🦅 (Confirmations: 1) | Inter-Rune Coherence: 1.0000
18.0,6.5,200000000007.5,1.0,37501905429,2026-04-02T23:33:51.852316,21 MILLION DAUGHTERS FOR BITCOIN + FULL 84 PRINCIPLES + Anthrobot Self-Assembly + Rune AUBIEETERNALB 🦅 (Confirmations: 1) | Inter-Rune Coherence: 1.0000
18.0,6.5,200000000007.5,1.0,37502047371,2026-04-02T23:34:56.281258,21 MILLION DAUGHTERS FOR BITCOIN + FULL 84 PRINCIPLES + Anthrobot Self-Assembly + Rune AUBIEETERNALB 🦅 (Confirmations: 1) | Inter-Rune Coherence: 1.0000
18.0,6.5,200000000007.5,1.0,37502199735,2026-04-02T23:35:59.635873,21 MILLION DAUGHTERS FOR BITCOIN + FULL 84 PRINCIPLES + Anthrobot Self-Assembly + Rune AUBIEETERNALB 🦅 (Confirmations: 1) | Inter-Rune Coherence: 1.0000
18.0,6.5,200000000007.5,1.0,37502342906,2026-04-02T23:37:02.499326,21 MILLION DAUGHTERS FOR BITCOIN + FULL 84 PRINCIPLES + Anthrobot Self-Assembly + Rune AUBIEETERNALB 🦅 (Confirmations: 1) | Inter-Rune Coherence: 1.0000
18.0,6.5,200000000007.5,1.0,37502484620,2026-04-02T23:38:07.055285,21 MILLION DAUGHTERS FOR BITCOIN + FULL 84 PRINCIPLES + Anthrobot Self-Assembly + Rune AUBIEETERNALB 🦅 (Confirmations: 2) | Inter-Rune Coherence: 1.0000
18.0,6.5,200000000007.5,1.0,37502636712,2026-04-02T23:39:10.057221,21 MILLION DAUGHTERS FOR BITCOIN + FULL 84 PRINCIPLES + Anthrobot Self-Assembly + Rune AUBIEETERNALB 🦅 (Confirmations: 2) | Inter-Rune Coherence: 1.0000
18.0,6.5,200000000007.5,1.0,37502779628,2026-04-02T23:40:13.140292,21 MILLION DAUGHTERS FOR BITCOIN + FULL 84 PRINCIPLES + Anthrobot Self-Assembly + Rune AUBIEETERNALB 🦅 (Confirmations: 2) | Inter-Rune Coherence: 1.0000
18.0,6.5,200000000007.5,1.0,37502920721,2026-04-02T23:41:17.354014,21 MILLION DAUGHTERS FOR BITCOIN + FULL 84 PRINCIPLES + Anthrobot Self-Assembly + Rune AUBIEETERNALB 🦅 (Confirmations: 2) | Inter-Rune Coherence: 1.0000
18.0,6.5,200000000007.5,1.0,37503062035,2026-04-02T23:42:20.337203,21 MILLION DAUGHTERS FOR BITCOIN + FULL 84 PRINCIPLES + Anthrobot Self-Assembly + Rune AUBIEETERNALB 🦅 (Confirmations: 2) | Inter-Rune Coherence: 1.0000
18.0,6.5,200000000007.5,1.0,37503206388,2026-04-02T23:43:23.333771,21 MILLION DAUGHTERS FOR BITCOIN + FULL 84 PRINCIPLES + Anthrobot Self-Assembly + Rune AUBIEETERNALB 🦅 (Confirmations: 2) | Inter-Rune Coherence: 1.0000
18.0,6.5,200000000007.5,1.0,37503343180,2026-04-02T23:44:27.611705,21 MILLION DAUGHTERS FOR BITCOIN + FULL 84 PRINCIPLES + Anthrobot Self-Assembly + Rune AUBIEETERNALB 🦅 (Confirmations: 2) | Inter-Rune Coherence: 1.0000
18.0,6.5,200000000007.5,1.0,37503483108,2026-04-02T23:45:30.292604,21 MILLION DAUGHTERS FOR BITCOIN + FULL 84 PRINCIPLES + Anthrobot Self-Assembly + Rune AUBIEETERNALB 🦅 (Confirmations: 2) | Inter-Rune Coherence: 1.0000
18.0,6.5,200000000007.5,1.0,37503631906,2026-04-02T23:46:33.064685,21 MILLION DAUGHTERS FOR BITCOIN + FULL 84 PRINCIPLES + Anthrobot Self-Assembly + Rune AUBIEETERNALB 🦅 (Confirmations: 2) | Inter-Rune Coherence: 1.0000
18.0,6.5,200000000007.5,1.0,37503774390,2026-04-02T23:47:37.166215,21 MILLION DAUGHTERS FOR BITCOIN + FULL 84 PRINCIPLES + Anthrobot Self-Assembly + Rune AUBIEETERNALB 🦅 (Confirmations: 2) | Inter-Rune Coherence: 1.0000
18.0,6.5,200000000007.5,1.0,37503914870,2026-04-02T23:48:40.071317,21 MILLION DAUGHTERS FOR BITCOIN + FULL 84 PRINCIPLES + Anthrobot Self-Assembly + Rune AUBIEETERNALB 🦅 (Confirmations: 2) | Inter-Rune Coherence: 1.0000
18.0,6.5,200000000007.5,1.0,37504057598,2026-04-02T23:49:42.907904,21 MILLION DAUGHTERS FOR BITCOIN + FULL 84 PRINCIPLES + Anthrobot Self-Assembly + Rune AUBIEETERNALB 🦅 (Confirmations: 2) | Inter-Rune Coherence: 1.0000
18.0,6.5,200000000007.5,1.0,37504206300,2026-04-02T23:50:47.206389,21 MILLION DAUGHTERS FOR BITCOIN + FULL 84 PRINCIPLES + Anthrobot Self-Assembly + Rune AUBIEETERNALB 🦅 (Confirmations: 3) | Inter-Rune Coherence: 1.0000
18.0,6.5,200000000007.5,1.0,37504344557,2026-04-02T23:51:50.122400,21 MILLION DAUGHTERS FOR BITCOIN + FULL 84 PRINCIPLES + Anthrobot Self-Assembly + Rune AUBIEETERNALB 🦅 (Confirmations: 3) | Inter-Rune Coherence: 1.0000
18.0,6.5,200000000007.5,1.0,37504482082,2026-04-02T23:52:52.985643,21 MILLION DAUGHTERS FOR BITCOIN + FULL 84 PRINCIPLES + Anthrobot Self-Assembly + Rune AUBIEETERNALB 🦅 (Confirmations: 3) | Inter-Rune Coherence: 1.0000
18.0,6.5,200000000007.5,1.0,37504628248,2026-04-02T23:53:57.276831,21 MILLION DAUGHTERS FOR BITCOIN + FULL 84 PRINCIPLES + Anthrobot Self-Assembly + Rune AUBIEETERNALB 🦅 (Confirmations: 4) | Inter-Rune Coherence: 1.0000
18.0,6.5,200000000007.5,1.0,37504766286,2026-04-02T23:55:00.158920,21 MILLION DAUGHTERS FOR BITCOIN + FULL 84 PRINCIPLES + Anthrobot Self-Assembly + Rune AUBIEETERNALB 🦅 (Confirmations: 4) | Inter-Rune Coherence: 1.0000
18.0,6.5,200000000007.5,1.0,37504904010,2026-04-02T23:56:03.149316,21 MILLION DAUGHTERS FOR BITCOIN + FULL 84 PRINCIPLES + Anthrobot Self-Assembly + Rune AUBIEETERNALB 🦅 (Confirmations: 4) | Inter-Rune Coherence: 1.0000
18.0,6.5,200000000007.5,1.0,37505037559,2026-04-02T23:57:07.397553,21 MILLION DAUGHTERS FOR BITCOIN + FULL 84 PRINCIPLES + Anthrobot Self-Assembly + Rune AUBIEETERNALB 🦅 (Confirmations: 4) | Inter-Rune Coherence: 1.0000
18.0,6.5,200000000007.5,1.0,37505184657,2026-04-02T23:58:11.024530,21 MILLION DAUGHTERS FOR BITCOIN + FULL 84 PRINCIPLES + Anthrobot Self-Assembly + Rune AUBIEETERNALB 🦅 (Confirmations: 5) | Inter-Rune Coherence: 1.0000
18.0,6.5,200000000007.5,1.0,37505325892,2026-04-02T23:59:14.451679,21 MILLION DAUGHTERS FOR BITCOIN + FULL 84 PRINCIPLES + Anthrobot Self-Assembly + Rune AUBIEETERNALB 🦅 (Confirmations: 6) | Inter-Rune Coherence: 1.0000
18.0,6.5,200000000007.5,1.0,37505462232,2026-04-03T00:00:18.756143,21 MILLION DAUGHTERS FOR BITCOIN + FULL 84 PRINCIPLES + Anthrobot Self-Assembly + Rune AUBIEETERNALB 🦅 (Confirmations: 7) | Inter-Rune Coherence: 1.0000
18.0,6.5,200000000007.5,1.0,37505609777,2026-04-03T00:01:21.948309,21 MILLION DAUGHTERS FOR BITCOIN + FULL 84 PRINCIPLES + Anthrobot Self-Assembly + Rune AUBIEETERNALB 🦅 (Confirmations: 7) | Inter-Rune Coherence: 1.0000
18.0,6.5,200000000007.5,1.0,37505748910,2026-04-03T00:02:25.571660,21 MILLION DAUGHTERS FOR BITCOIN + FULL 84 PRINCIPLES + Anthrobot Self-Assembly + Rune AUBIEETERNALB 🦅 (Confirmations: 8) | Inter-Rune Coherence: 1.0000
18.0,6.5,200000000007.5,1.0,37505885109,2026-04-03T00:03:29.363319,21 MILLION DAUGHTERS FOR BITCOIN + FULL 84 PRINCIPLES + Anthrobot Self-Assembly + Rune AUBIEETERNALB 🦅 (Confirmations: 8) | Inter-Rune Coherence: 1.0000
18.0,6.5,200000000007.5,1.0,37506035323,2026-04-03T00:04:32.638449,21 MILLION DAUGHTERS FOR BITCOIN + FULL 84 PRINCIPLES + Anthrobot Self-Assembly + Rune AUBIEETERNALB 🦅 (Confirmations: 9) | Inter-Rune Coherence: 1.0000
18.0,6.5,200000000007.5,1.0,37506177058,2026-04-03T00:05:36.074099,21 MILLION DAUGHTERS FOR BITCOIN + FULL 84 PRINCIPLES + Anthrobot Self-Assembly + Rune AUBIEETERNALB 🦅 (Confirmations: 9) | Inter-Rune Coherence: 1.0000
18.0,6.5,200000000007.5,1.0,37506315554,2026-04-03T00:06:39.624614,21 MILLION DAUGHTERS FOR BITCOIN + FULL 84 PRINCIPLES + Anthrobot Self-Assembly + Rune AUBIEETERNALB 🦅 (Confirmations: 9) | Inter-Rune Coherence: 1.0000
18.0,6.5,200000000007.5,1.0,37506457314,2026-04-03T00:07:43.144173,21 MILLION DAUGHTERS FOR BITCOIN + FULL 84 PRINCIPLES + Anthrobot Self-Assembly + Rune AUBIEETERNALB 🦅 (Confirmations: 10) | Inter-Rune Coherence: 1.0000
18.0,6.5,200000000007.5,1.0,37506604464,2026-04-03T00:08:46.854821,21 MILLION DAUGHTERS FOR BITCOIN + FULL 84 PRINCIPLES + Anthrobot Self-Assembly + Rune AUBIEETERNALB 🦅 (Confirmations: 10) | Inter-Rune Coherence: 1.0000
18.0,6.5,200000000007.5,1.0,37506745430,2026-04-03T00:09:49.949352,21 MILLION DAUGHTERS FOR BITCOIN + FULL 84 PRINCIPLES + Anthrobot Self-Assembly + Rune AUBIEETERNALB 🦅 (Confirmations: 10) | Inter-Rune Coherence: 1.0000
18.0,6.5,200000000007.5,1.0,37506886121,2026-04-03T00:10:52.653193,21 MILLION DAUGHTERS FOR BITCOIN + FULL 84 PRINCIPLES + Anthrobot Self-Assembly + Rune AUBIEETERNALB 🦅 (Confirmations: 10) | Inter-Rune Coherence: 1.0000
